Company Name,Emails,Phones,Website
https://moscot.com/,"['support@moscot.comPress', 'press@moscot.comWholesale', 'wholesale@moscot.comPrivacy', 'support@moscot.com', 'privacy@moscot.comCUSTOMER']",['866.667-2687'],https://moscot.com/
https://grandcentraloptical.com/,[],"['(212) 599-1220', '212-599-1220', '(212) 599-1221']",https://grandcentraloptical.com/
https://www.usoptical.com/,"['customerservice@usoptical.comFor', 'customerservice@usoptical.com', 'info@usoptical.com']","['315.463.4340', '(800-445-2773', '(800.445.2773', '315.463.4800', '888.818.2840']",https://www.usoptical.com/
https://www.crestonopticalny.com/,[],[],https://www.crestonopticalny.com/
https://www.sunyopt.edu/,"['info@msche.org', 'optombd@mail.nysed.gov', 'diversityoffice@sunyopt.edu.', 'accredit@aoa.org']","['(314) 991-4100', '(518) 474-3817', '(215) 662-5501', '212-938-4000', '(267) 284-5000', '(314) 991-4101']",https://www.sunyopt.edu/
https://illesteva.com/,"['wholesale@illesteva.com', 'careers@illesteva.com', 'press@illesteva.com', 'shop@illesteva.com', 'ask@illesteva.com']",[],https://illesteva.com/
https://east.visionexpo.com/en-us.html,[],"['800-811-7151', '7827230893', '703-740-2252', '212 867 1243', '475-393-5350', '(203) 822-8238', '208 910 7869', '(203) 840-5585', '203-840-5610', '(203) 840-5458', '212-216-2222', '172 8922729', '(203) 840-5497', '475-266-9654', '203-840-5322', '203-840-5809', '203-945-7951', '702-476-6976', '530 463 4777', '(203) 957-1261', '203-840-5492', '475-544-0529', '1391158207']",https://east.visionexpo.com/en-us.html
https://www.oliverpeoples.com/usa,[],[],https://www.oliverpeoples.com/usa
https://gamine.nyc/,[],[],https://gamine.nyc/
https://www.glassesusa.com/,[],[],https://www.glassesusa.com/
https://www.cloudynights.com/topic/85060-optical-film-co-ny-7x50-binos/,[],[],https://www.cloudynights.com/topic/85060-optical-film-co-ny-7x50-binos/
https://seeeyewear.com/,"['glendale@seeeyewear.comLos', 'armitage@seeeyewear.comChicago', '10028646-678-4244madisonave@seeeyewear.comNYC', 'southmiami@seeeyewear.comWest', 'clarkst@seeeyewear.comChicago', 'annarbor@seeeyewear.comBirmingham', 'portland@seeeyewear.comPENNSYLVANIAArdmore', 'birmingham@seeeyewear.comLansing', 'orders@SEEeyewear.com', 'williamsburg@seeeyewear.comNYC', 'easton@seeeyewear.comOREGONPortland', 'rochester@seeeyewear.comTroy', 'nashville@seeeyewear.comNashville', 'somerset@seeeyewear.comMINNESOTAMinneapolis', 'pittsburgh@seeeyewear.comSOUTH', 'boston@seeeyewear.comCambridge', 'uptown@seeeyewear.comMISSOURISt.', 'denver@seeeyewear.comDISTRICT', 'suburbansquare@seeeyewear.comPittsburgh', '46240317-975-6900indianapolis@seeeyewear.comMASSACHUSETTSBoston', 'columbusave@seeeyewear.comNYC', 'winterpark@seeeyewear.comILLINOISChicago', 'seattle@seeeyewear.comWISCONSINMadison', 'sarasota@seeeyewear.comSouth', 'cleveland@seeeyewear.comColumbus', 'greenhills@seeeyewear.comWASHINGTONSeattle', 'georgetown@seeeyewear.comFLORIDASouth', 'cambridge@seeeyewear.comMICHIGANAnn', 'watertower@seeeyewear.comSkokie', 'madison@seeeyewear.com', 'memphis@seeeyewear.comNashville', '10014212-989-7060bleeckerst@seeeyewear.comNYC', '60077847-568-0005oldorchard@seeeyewear.com', '10012212-226-1356soho@seeeyewear.comNYC', 'charleston@seeeyewear.comTENNESSEEGermantown', 'beverlycenter@seeeyewear.comNewport', 'marketst@seeeyewear.comSan', 'lansing@seeeyewear.comRochester', '10003917-675-6377university@seeeyewear.com', 'brooklyn@seeeyewear.comBrooklyn', 'southbeach@seeeyewear.comSarasota']","['646-678-4244', '617-868-1500', '773-281-3560', '216-295-2200', '317-975-6900', '415-284-4554', '312-475-9855', '248-649-6400', '407-599-5455', '503-889-9020', '517-485-5566', '646-335-4203', '941-866-6588', '412-316-4033', '615-463-2336', '310-360-6998', '818-550-7888', '847-568-0005', '305-672-6622', '617-236-0105', '202-337-5988', '303-200-1095', '610-726-9010', '206-288-5040', '347-916-0011', '734-622-8056', '917-675-6377', '212-989-7060', '773-296-2919', '248-375-3333', '608-287-3100', '901-930-0870', '629-236-8075', '614-476-6991', '305-663-7939', '248-723-1900', '612-777-7911', '347-599-1155', '212-226-1356', '843-722-6101']",https://seeeyewear.com/
https://www.corning.com/worldwide/en.html,[],[],https://www.corning.com/worldwide/en.html
https://aoeyewear.com/,"['60061800.777.1173contact@aoeyewear.comFollow', 'marketing@aoeyewear.com']",['800.777.1173'],https://aoeyewear.com/
https://www.cohensfashionoptical.com/,[],[],https://www.cohensfashionoptical.com/
https://www.apollooptical.com/,['info@apollooptical.comWEB'],['(585) 272-6170'],https://www.apollooptical.com/
https://davisvision.com/,[],[],https://davisvision.com/
https://newyork.museumofillusions.us/,[],[],https://newyork.museumofillusions.us/
https://www.artcraftoptical.com/,['csd@artcraftoptical.com'],"['585.546.6640', '800.828.8288']",https://www.artcraftoptical.com/
https://www.rochesteroptical.com/,['retail.lyell@rochesteroptical.com'],"['(800) 820-6616', '(585) 254-0193', '(585) 254-0022']",https://www.rochesteroptical.com/
